{
    "nome": "Mato Grosso do Sul",
    "sigla": "MS",
    "capital": "Campo Grande",
    "regiao": "Centro-Oeste",
    "cidades": [
        {
            "nome": "\u00c1gua Clara"
        },
        {
            "nome": "Alcin\u00f3polis"
        },
        {
            "nome": "Amamba\u00ed"
        },
        {
            "nome": "Anast\u00e1cio"
        },
        {
            "nome": "Anauril\u00e2ndia"
        },
        {
            "nome": "Ang\u00e9lica"
        },
        {
            "nome": "Ant\u00f4nio Jo\u00e3o"
        },
        {
            "nome": "Aparecida do Taboado"
        },
        {
            "nome": "Aquidauana"
        },
        {
            "nome": "Aral Moreira"
        },
        {
            "nome": "Bandeirantes"
        },
        {
            "nome": "Bataguassu"
        },
        {
            "nome": "Bataipor\u00e3"
        },
        {
            "nome": "Bela Vista"
        },
        {
            "nome": "Bodoquena"
        },
        {
            "nome": "Bonito"
        },
        {
            "nome": "Brasil\u00e2ndia"
        },
        {
            "nome": "Caarap\u00f3"
        },
        {
            "nome": "Camapu\u00e3"
        },
        {
            "nome": "Campo Grande"
        },
        {
            "nome": "Caracol"
        },
        {
            "nome": "Cassil\u00e2ndia"
        },
        {
            "nome": "Chapad\u00e3o do Sul"
        },
        {
            "nome": "Corguinho"
        },
        {
            "nome": "Coronel Sapucaia"
        },
        {
            "nome": "Corumb\u00e1"
        },
        {
            "nome": "Costa Rica"
        },
        {
            "nome": "Coxim"
        },
        {
            "nome": "Deod\u00e1polis"
        },
        {
            "nome": "Dois Irm\u00e3os do Buriti"
        },
        {
            "nome": "Douradina"
        },
        {
            "nome": "Dourados"
        },
        {
            "nome": "Eldorado"
        },
        {
            "nome": "F\u00e1tima do Sul"
        },
        {
            "nome": "Gl\u00f3ria de Dourados"
        },
        {
            "nome": "Guia Lopes da Laguna"
        },
        {
            "nome": "Iguatemi"
        },
        {
            "nome": "Inoc\u00eancia"
        },
        {
            "nome": "Itapor\u00e3"
        },
        {
            "nome": "Itaquira\u00ed"
        },
        {
            "nome": "Ivinhema"
        },
        {
            "nome": "Japor\u00e3"
        },
        {
            "nome": "Jaraguari"
        },
        {
            "nome": "Jardim"
        },
        {
            "nome": "Jate\u00ed"
        },
        {
            "nome": "Juti"
        },
        {
            "nome": "Lad\u00e1rio"
        },
        {
            "nome": "Laguna Carap\u00e3"
        },
        {
            "nome": "Maracaju"
        },
        {
            "nome": "Miranda"
        },
        {
            "nome": "Mundo Novo"
        },
        {
            "nome": "Navira\u00ed"
        },
        {
            "nome": "Nioaque"
        },
        {
            "nome": "Nova Alvorada do Sul"
        },
        {
            "nome": "Nova Andradina"
        },
        {
            "nome": "Novo Horizonte do Sul"
        },
        {
            "nome": "Parana\u00edba"
        },
        {
            "nome": "Paranhos"
        },
        {
            "nome": "Pedro Gomes"
        },
        {
            "nome": "Ponta Por\u00e3"
        },
        {
            "nome": "Porto Murtinho"
        },
        {
            "nome": "Ribas do Rio Pardo"
        },
        {
            "nome": "Rio Brilhante"
        },
        {
            "nome": "Rio Negro"
        },
        {
            "nome": "Rio Verde de Mato Grosso"
        },
        {
            "nome": "Rochedo"
        },
        {
            "nome": "Santa Rita do Pardo"
        },
        {
            "nome": "S\u00e3o Gabriel do Oeste"
        },
        {
            "nome": "Selv\u00edria"
        },
        {
            "nome": "Sete Quedas"
        },
        {
            "nome": "Sidrol\u00e2ndia"
        },
        {
            "nome": "Sonora"
        },
        {
            "nome": "Tacuru"
        },
        {
            "nome": "Taquarussu"
        },
        {
            "nome": "Terenos"
        },
        {
            "nome": "Tr\u00eas Lagoas"
        },
        {
            "nome": "Vicentina"
        }
    ]
}