{
    "nome": "Rond\u00f4nia",
    "sigla": "RO",
    "capital": "Porto Velho",
    "regiao": "Norte",
    "cidades": [
        {
            "nome": "Alta Floresta d\u0027Oeste"
        },
        {
            "nome": "Alto Alegre dos Parecis"
        },
        {
            "nome": "Alto Para\u00edso"
        },
        {
            "nome": "Alvorada d\u0027Oeste"
        },
        {
            "nome": "Ariquemes"
        },
        {
            "nome": "Buritis"
        },
        {
            "nome": "Cabixi"
        },
        {
            "nome": "Cacaul\u00e2ndia"
        },
        {
            "nome": "Cacoal"
        },
        {
            "nome": "Campo Novo de Rond\u00f4nia"
        },
        {
            "nome": "Candeias do Jamari"
        },
        {
            "nome": "Castanheiras"
        },
        {
            "nome": "Cerejeiras"
        },
        {
            "nome": "Chupinguaia"
        },
        {
            "nome": "Colorado do Oeste"
        },
        {
            "nome": "Corumbiara"
        },
        {
            "nome": "Costa Marques"
        },
        {
            "nome": "Cujubim"
        },
        {
            "nome": "Espig\u00e3o d\u0027Oeste"
        },
        {
            "nome": "Governador Jorge Teixeira"
        },
        {
            "nome": "Guajar\u00e1-Mirim"
        },
        {
            "nome": "Itapu\u00e3 do Oeste"
        },
        {
            "nome": "Jaru"
        },
        {
            "nome": "Ji-Paran\u00e1"
        },
        {
            "nome": "Machadinho d\u0027Oeste"
        },
        {
            "nome": "Ministro Andreazza"
        },
        {
            "nome": "Mirante da Serra"
        },
        {
            "nome": "Monte Negro"
        },
        {
            "nome": "Nova Brasil\u00e2ndia d\u0027Oeste"
        },
        {
            "nome": "Nova Mamor\u00e9"
        },
        {
            "nome": "Nova Uni\u00e3o"
        },
        {
            "nome": "Novo Horizonte do Oeste"
        },
        {
            "nome": "Ouro Preto do Oeste"
        },
        {
            "nome": "Parecis"
        },
        {
            "nome": "Pimenta Bueno"
        },
        {
            "nome": "Pimenteiras do Oeste"
        },
        {
            "nome": "Porto Velho"
        },
        {
            "nome": "Presidente M\u00e9dici"
        },
        {
            "nome": "Primavera de Rond\u00f4nia"
        },
        {
            "nome": "Rio Crespo"
        },
        {
            "nome": "Rolim de Moura"
        },
        {
            "nome": "Santa Luzia d\u0027Oeste"
        },
        {
            "nome": "S\u00e3o Felipe d\u0027Oeste"
        },
        {
            "nome": "S\u00e3o Francisco do Guapor\u00e9"
        },
        {
            "nome": "S\u00e3o Miguel do Guapor\u00e9"
        },
        {
            "nome": "Seringueiras"
        },
        {
            "nome": "Teixeir\u00f3polis"
        },
        {
            "nome": "Theobroma"
        },
        {
            "nome": "Urup\u00e1"
        },
        {
            "nome": "Vale do Anari"
        },
        {
            "nome": "Vale do Para\u00edso"
        },
        {
            "nome": "Vilhena"
        }
    ]
}