{
    "nome": "Roraima",
    "sigla": "RR",
    "capital": "Boa Vista",
    "regiao": "Norte",
    "cidades": [
        {
            "nome": "Alto Alegre"
        },
        {
            "nome": "Amajari"
        },
        {
            "nome": "Boa Vista"
        },
        {
            "nome": "Bonfim"
        },
        {
            "nome": "Cant\u00e1"
        },
        {
            "nome": "Caracara\u00ed"
        },
        {
            "nome": "Caroebe"
        },
        {
            "nome": "Iracema"
        },
        {
            "nome": "Mucaja\u00ed"
        },
        {
            "nome": "Normandia"
        },
        {
            "nome": "Pacaraima"
        },
        {
            "nome": "Rorain\u00f3polis"
        },
        {
            "nome": "S\u00e3o Jo\u00e3o da Baliza"
        },
        {
            "nome": "S\u00e3o Luiz"
        },
        {
            "nome": "Uiramut\u00e3"
        }
    ]
}