{
    "nome": "Sergipe",
    "sigla": "SE",
    "capital": "Aracaj\u00FA",
    "regiao": "Nordeste",
    "cidades": [
        {
            "nome": "Amparo de S\u00e3o Francisco"
        },
        {
            "nome": "Aquidab\u00e3"
        },
        {
            "nome": "Aracaju"
        },
        {
            "nome": "Arau\u00e1"
        },
        {
            "nome": "Areia Branca"
        },
        {
            "nome": "Barra dos Coqueiros"
        },
        {
            "nome": "Boquim"
        },
        {
            "nome": "Brejo Grande"
        },
        {
            "nome": "Campo do Brito"
        },
        {
            "nome": "Canhoba"
        },
        {
            "nome": "Canind\u00e9 de S\u00e3o Francisco"
        },
        {
            "nome": "Capela"
        },
        {
            "nome": "Carira"
        },
        {
            "nome": "Carm\u00f3polis"
        },
        {
            "nome": "Cedro de S\u00e3o Jo\u00e3o"
        },
        {
            "nome": "Cristin\u00e1polis"
        },
        {
            "nome": "Cumbe"
        },
        {
            "nome": "Divina Pastora"
        },
        {
            "nome": "Est\u00e2ncia"
        },
        {
            "nome": "Feira Nova"
        },
        {
            "nome": "Frei Paulo"
        },
        {
            "nome": "Gararu"
        },
        {
            "nome": "General Maynard"
        },
        {
            "nome": "Gracho Cardoso"
        },
        {
            "nome": "Ilha das Flores"
        },
        {
            "nome": "Indiaroba"
        },
        {
            "nome": "Itabaiana"
        },
        {
            "nome": "Itabaianinha"
        },
        {
            "nome": "Itabi"
        },
        {
            "nome": "Itaporanga d\u0027Ajuda"
        },
        {
            "nome": "Japaratuba"
        },
        {
            "nome": "Japoat\u00e3"
        },
        {
            "nome": "Lagarto"
        },
        {
            "nome": "Laranjeiras"
        },
        {
            "nome": "Macambira"
        },
        {
            "nome": "Malhada dos Bois"
        },
        {
            "nome": "Malhador"
        },
        {
            "nome": "Maruim"
        },
        {
            "nome": "Moita Bonita"
        },
        {
            "nome": "Monte Alegre de Sergipe"
        },
        {
            "nome": "Muribeca"
        },
        {
            "nome": "Ne\u00f3polis"
        },
        {
            "nome": "Nossa Senhora Aparecida"
        },
        {
            "nome": "Nossa Senhora da Gl\u00f3ria"
        },
        {
            "nome": "Nossa Senhora das Dores"
        },
        {
            "nome": "Nossa Senhora de Lourdes"
        },
        {
            "nome": "Nossa Senhora do Socorro"
        },
        {
            "nome": "Pacatuba"
        },
        {
            "nome": "Pedra Mole"
        },
        {
            "nome": "Pedrinhas"
        },
        {
            "nome": "Pinh\u00e3o"
        },
        {
            "nome": "Pirambu"
        },
        {
            "nome": "Po\u00e7o Redondo"
        },
        {
            "nome": "Po\u00e7o Verde"
        },
        {
            "nome": "Porto da Folha"
        },
        {
            "nome": "Propri\u00e1"
        },
        {
            "nome": "Riach\u00e3o do Dantas"
        },
        {
            "nome": "Riachuelo"
        },
        {
            "nome": "Ribeir\u00f3polis"
        },
        {
            "nome": "Ros\u00e1rio do Catete"
        },
        {
            "nome": "Salgado"
        },
        {
            "nome": "Santa Luzia do Itanhy"
        },
        {
            "nome": "Santa Rosa de Lima"
        },
        {
            "nome": "Santana do S\u00e3o Francisco"
        },
        {
            "nome": "Santo Amaro das Brotas"
        },
        {
            "nome": "S\u00e3o Crist\u00f3v\u00e3o"
        },
        {
            "nome": "S\u00e3o Domingos"
        },
        {
            "nome": "S\u00e3o Francisco"
        },
        {
            "nome": "S\u00e3o Miguel do Aleixo"
        },
        {
            "nome": "Sim\u00e3o Dias"
        },
        {
            "nome": "Siriri"
        },
        {
            "nome": "Telha"
        },
        {
            "nome": "Tobias Barreto"
        },
        {
            "nome": "Tomar do Geru"
        },
        {
            "nome": "Umba\u00faba"
        }
    ]
}